{
	"partitions" : [
		{
			"name" : "Top",
			"pins" : [
				{
					"name" : "o_spi_cs",
					"strict" : false
				},
				{
					"name" : "o_spi_sck",
					"strict" : false
				},
				{
					"name" : "o_spi_mosi",
					"strict" : false
				},
				{
					"name" : "o_w5500_rst",
					"strict" : false
				},
				{
					"name" : "clk",
					"strict" : false
				},
				{
					"name" : "rst_n",
					"strict" : false
				},
				{
					"name" : "spi_miso",
					"strict" : false
				},
				{
					"name" : "altera_reserved_tms",
					"strict" : false
				},
				{
					"name" : "altera_reserved_tck",
					"strict" : false
				},
				{
					"name" : "altera_reserved_tdi",
					"strict" : false
				},
				{
					"name" : "altera_reserved_tdo",
					"strict" : false
				}
			]
		}
	]
}