{
	"partitions" : [
		{
			"name" : "Top",
			"pins" : [
				{
					"name" : "trig",
					"strict" : false
				},
				{
					"name" : "sel[0]",
					"strict" : false
				},
				{
					"name" : "sel[1]",
					"strict" : false
				},
				{
					"name" : "sel[2]",
					"strict" : false
				},
				{
					"name" : "sel[3]",
					"strict" : false
				},
				{
					"name" : "sel[4]",
					"strict" : false
				},
				{
					"name" : "sel[5]",
					"strict" : false
				},
				{
					"name" : "sel[6]",
					"strict" : false
				},
				{
					"name" : "sel[7]",
					"strict" : false
				},
				{
					"name" : "seg[0]",
					"strict" : false
				},
				{
					"name" : "seg[1]",
					"strict" : false
				},
				{
					"name" : "seg[2]",
					"strict" : false
				},
				{
					"name" : "seg[3]",
					"strict" : false
				},
				{
					"name" : "seg[4]",
					"strict" : false
				},
				{
					"name" : "seg[5]",
					"strict" : false
				},
				{
					"name" : "seg[6]",
					"strict" : false
				},
				{
					"name" : "seg[7]",
					"strict" : false
				},
				{
					"name" : "led[0]",
					"strict" : false
				},
				{
					"name" : "led[1]",
					"strict" : false
				},
				{
					"name" : "led[2]",
					"strict" : false
				},
				{
					"name" : "led[3]",
					"strict" : false
				},
				{
					"name" : "led[4]",
					"strict" : false
				},
				{
					"name" : "uart_tx",
					"strict" : false
				},
				{
					"name" : "rstn",
					"strict" : false
				},
				{
					"name" : "clk",
					"strict" : false
				},
				{
					"name" : "echo",
					"strict" : false
				}
			]
		}
	]
}